{
  "sarsa_map_dict": {
    "map1": [
      2.5804801670019515,
      1400953,
      0.05568627450980392,
      5.816901408450704,
      1.0,
      3.0,
      5.0,
      8.0,
      14.0
    ],
    "map2": [
      2.632088207989,
      1406408,
      0.1386861313868613,
      10.391812865497077,
      1.0,
      5.0,
      9.0,
      15.0,
      30.0
    ]
  },
  "q_map_dict": {
    "map1": [
      3.626846083003329,
      1251633,
      0.0996078431372549,
      6.889763779527559,
      1.0,
      4.0,
      7.0,
      9.0,
      16.0
    ],
    "map2": [
      3.732112457975745,
      1277166,
      0.21816707218167072,
      12.765799256505575,
      1.0,
      7.0,
      13.0,
      17.0,
      31.0
    ]
  },
  "sarsa_epsilon_dict": {
    "0": [
      1.4061544589931145,
      724229,
      1.0,
      70.16450216450217,
      1.0,
      25.0,
      57.0,
      119.0,
      162.0
    ],
    "0.5": [
      2.880358249996789,
      1565741,
      0.09350649350649351,
      9.268518518518519,
      1.0,
      5.0,
      9.0,
      12.0,
      22.0
    ],
    "1": [
      3.451750667009037,
      1940206,
      0.025974025974025976,
      3.533333333333333,
      1.0,
      2.0,
      3.0,
      5.0,
      7.0
    ]
  },
  "q_epsilon_dict": {
    "0": [
      1.7895028329803608,
      599185,
      1.0,
      55.47532467532468,
      1.0,
      27.0,
      47.0,
      80.5,
      137.0
    ],
    "0.5": [
      4.102404249977553,
      1414762,
      0.14891774891774892,
      11.296511627906977,
      1.0,
      6.0,
      11.0,
      16.0,
      26.0
    ],
    "1": [
      5.440421084000263,
      1934802,
      0.06060606060606061,
      6.1,
      1.0,
      3.0,
      5.5,
      9.0,
      13.0
    ]
  },
  "sarsa_gamma_dict": {},
  "q_gamma_dict": {},
  "sarsa_strat_dict": {},
  "q_strat_dict": {}
}