{
  "sarsa_map_dict": {},
  "q_map_dict": {},
  "sarsa_epsilon_dict": {},
  "q_epsilon_dict": {},
  "sarsa_gamma_dict": {},
  "q_gamma_dict": {},
  "sarsa_strat_dict": {
    "map4_reward_strategy_simple": [
      1.9114195410220418,
      1004567,
      1.0,
      99.89437229437229,
      1.0,
      37.0,
      117.0,
      151.0,
      188.0
    ],
    "hi_reward_strategy_simple": [
      2.687043000012636,
      1416062,
      1.0,
      145.90687022900764,
      1.0,
      79.0,
      166.0,
      203.0,
      278.0
    ],
    "spiral_reward_strategy_simple": [
      3.7056995830207597,
      1947999,
      0.027913468248429867,
      8.375,
      1.0,
      4.0,
      8.0,
      12.0,
      17.0
    ],
    "map4_reward_strategy_distance_based": [
      1.92843383399304,
      1029552,
      0.5662337662337662,
      26.989296636085626,
      1.0,
      18.0,
      27.0,
      37.0,
      53.0
    ],
    "hi_reward_strategy_distance_based": [
      1.283584916003747,
      677579,
      0.8236641221374046,
      39.40129749768304,
      1.0,
      26.0,
      35.0,
      47.0,
      102.0
    ],
    "spiral_reward_strategy_distance_based": [
      1.8217468330112752,
      965894,
      0.8464759246336357,
      77.93322341302556,
      1.0,
      67.0,
      79.0,
      94.0,
      129.0
    ],
    "map4_reward_strategy_distance_based_scaled": [
      1.8198156250000466,
      940927,
      1.0,
      93.74199134199134,
      1.0,
      36.0,
      78.0,
      148.0,
      206.0
    ],
    "hi_reward_strategy_distance_based_scaled": [
      0.9598413329804316,
      486047,
      1.0,
      46.27328244274809,
      1.0,
      28.0,
      39.0,
      64.0,
      125.0
    ],
    "spiral_reward_strategy_distance_based_scaled": [
      3.715333375002956,
      1955625,
      0.022330774598743892,
      7.0625,
      1.0,
      3.75,
      6.0,
      10.25,
      17.0
    ],
    "map4_reward_strategy_harsh_visited": [
      3.078770959022222,
      1943401,
      0.022510822510822513,
      4.230769230769231,
      1.0,
      2.0,
      4.0,
      6.0,
      10.0
    ],
    "hi_reward_strategy_harsh_visited": [
      3.1837103340076283,
      1990228,
      0.0061068702290076335,
      1.75,
      1.0,
      1.0,
      2.0,
      2.0,
      3.0
    ],
    "spiral_reward_strategy_harsh_visited": [
      3.2060525830020197,
      1991150,
      0.00209351011863224,
      1.0,
      1.0,
      1.0,
      1.0,
      1.0,
      1.0
    ]
  },
  "q_strat_dict": {
    "map4_reward_strategy_simple": [
      4.991523291973863,
      1698754,
      0.16623376623376623,
      26.302083333333332,
      1.0,
      10.0,
      26.0,
      39.0,
      59.0
    ],
    "hi_reward_strategy_simple": [
      4.3474862500152085,
      1474601,
      1.0,
      177.2702290076336,
      1.0,
      89.0,
      197.0,
      251.0,
      324.0
    ],
    "spiral_reward_strategy_simple": [
      5.657236875005765,
      1952786,
      0.02372644801116539,
      6.823529411764706,
      1.0,
      3.25,
      6.0,
      9.75,
      16.0
    ],
    "map4_reward_strategy_distance_based": [
      2.034050082991598,
      694925,
      0.8571428571428571,
      48.37070707070707,
      1.0,
      25.0,
      35.0,
      86.0,
      118.0
    ],
    "hi_reward_strategy_distance_based": [
      1.6914739159983583,
      580603,
      0.8358778625954199,
      30.301369863013697,
      1.0,
      22.5,
      30.0,
      38.0,
      63.0
    ],
    "spiral_reward_strategy_distance_based": [
      2.842514708987437,
      971994,
      0.8422889043963713,
      78.6056338028169,
      1.0,
      64.0,
      77.0,
      95.0,
      133.0
    ],
    "map4_reward_strategy_distance_based_scaled": [
      2.0572300840285607,
      690327,
      1.0,
      67.17229437229437,
      1.0,
      41.0,
      68.0,
      94.0,
      140.0
    ],
    "hi_reward_strategy_distance_based_scaled": [
      2.569589624996297,
      869902,
      1.0,
      84.84885496183206,
      1.0,
      53.25,
      68.0,
      115.0,
      186.0
    ],
    "spiral_reward_strategy_distance_based_scaled": [
      4.188244207995012,
      1417919,
      1.0,
      153.41242149337054,
      1.0,
      104.0,
      132.0,
      222.0,
      277.0
    ],
    "map4_reward_strategy_harsh_visited": [
      5.118013750005048,
      1925350,
      0.03722943722943723,
      5.162790697674419,
      1.0,
      3.0,
      5.0,
      7.0,
      10.0
    ],
    "hi_reward_strategy_harsh_visited": [
      5.113993874983862,
      1936861,
      0.019083969465648856,
      5.56,
      1.0,
      3.0,
      5.0,
      8.0,
      12.0
    ],
    "spiral_reward_strategy_harsh_visited": [
      5.222136791009689,
      1991747,
      0.00418702023726448,
      1.6666666666666667,
      1.0,
      1.0,
      1.5,
      2.0,
      3.0
    ]
  }
}