{
  "sarsa_map_dict": {
    "map1": [
      0.9609969280008954,
      122670,
      0.33098039215686276,
      10.774881516587678,
      0.0,
      7.0,
      11.0,
      14.0,
      24.0
    ],
    "map2": [
      2.032408139999461,
      148473,
      0.26277372262773724,
      9.734567901234568,
      0.0,
      6.0,
      10.0,
      13.0,
      24.0
    ],
    "map3": [
      1.4827995729992836,
      190464,
      0.03391107761868877,
      4.0,
      0.0,
      2.0,
      4.0,
      6.0,
      9.0
    ],
    "map4": [
      1.2477400200004922,
      160066,
      0.20086580086580086,
      9.89655172413793,
      0.0,
      6.0,
      10.0,
      14.0,
      20.0
    ],
    "hi": [
      2.391674929000146,
      191431,
      0.02748091603053435,
      3.0833333333333335,
      0.0,
      2.0,
      3.0,
      4.25,
      7.0
    ],
    "spiral": [
      1.5194002160005766,
      195471,
      0.020237264480111653,
      4.103448275862069,
      0.0,
      2.0,
      4.0,
      6.0,
      10.0
    ]
  },
  "q_map_dict": {
    "map1": [
      1.5956279279998853,
      124751,
      0.3615686274509804,
      10.550976138828634,
      0.0,
      7.0,
      11.0,
      14.0,
      25.0
    ],
    "map2": [
      1.6444778240002051,
      126955,
      0.34144363341443634,
      10.315914489311163,
      0.0,
      7.0,
      11.0,
      14.0,
      21.0
    ],
    "map3": [
      3.178164733999438,
      152449,
      0.22230595327807084,
      10.928813559322034,
      0.0,
      8.0,
      12.0,
      14.0,
      21.0
    ],
    "map4": [
      1.9368739649999043,
      147921,
      0.2528138528138528,
      10.150684931506849,
      0.0,
      6.0,
      10.0,
      14.0,
      25.0
    ],
    "hi": [
      1.9979039019999618,
      153280,
      0.2435114503816794,
      11.445141065830722,
      0.0,
      8.0,
      12.0,
      14.5,
      22.0
    ],
    "spiral": [
      2.828751340999588,
      193125,
      0.022330774598743892,
      4.875,
      0.0,
      2.75,
      4.0,
      7.0,
      12.0
    ]
  },
  "sarsa_epsilon_dict": {
    "0": [
      1.0579512100011925,
      136917,
      0.24935064935064935,
      10.065972222222221,
      0.0,
      6.75,
      10.0,
      14.0,
      22.0
    ],
    "0.5": [
      1.2194929759989463,
      156037,
      0.15670995670995672,
      8.314917127071823,
      0.0,
      5.0,
      8.0,
      12.0,
      18.0
    ],
    "1": [
      1.550880173999758,
      194834,
      0.14891774891774892,
      9.261627906976743,
      0.0,
      5.75,
      9.0,
      13.0,
      20.0
    ]
  },
  "q_epsilon_dict": {
    "0": [
      2.0462559259995032,
      136948,
      0.2597402597402597,
      10.683333333333334,
      0.0,
      6.75,
      10.0,
      14.0,
      28.0
    ],
    "0.5": [
      1.8878111220001301,
      146225,
      0.258008658008658,
      10.550335570469798,
      0.0,
      6.0,
      10.0,
      14.0,
      27.0
    ],
    "1": [
      2.541390009000679,
      191909,
      0.22770562770562772,
      9.110266159695817,
      0.0,
      6.0,
      9.0,
      12.0,
      19.0
    ]
  },
  "sarsa_gamma_dict": {
    "0.1": [
      1.2781715410001198,
      164729,
      0.16103896103896104,
      10.774193548387096,
      0.0,
      6.0,
      10.0,
      16.0,
      26.0
    ],
    "0.5": [
      1.2343328860006295,
      158747,
      0.22337662337662337,
      12.162790697674419,
      0.0,
      6.0,
      11.0,
      17.0,
      29.0
    ],
    "1": [
      1.2227690260006057,
      154808,
      0.15670995670995672,
      11.94475138121547,
      0.0,
      6.0,
      13.0,
      17.0,
      25.0
    ]
  },
  "q_gamma_dict": {
    "0.1": [
      2.459941818999141,
      167789,
      0.11861471861471862,
      6.0,
      0.0,
      4.0,
      6.0,
      8.0,
      13.0
    ],
    "0.5": [
      1.9107214359992213,
      148920,
      0.2632034632034632,
      10.368421052631579,
      0.0,
      6.75,
      10.0,
      14.0,
      23.0
    ],
    "1": [
      1.8978292100000544,
      140699,
      0.4329004329004329,
      15.16,
      0.0,
      9.0,
      16.0,
      20.0,
      36.0
    ]
  },
  "sarsa_strat_dict": {
    "map4_reward_strategy_simple": [
      1.0394484549997287,
      136917,
      0.24935064935064935,
      10.065972222222221,
      0.0,
      6.75,
      10.0,
      14.0,
      22.0
    ],
    "hi_reward_strategy_simple": [
      1.687668656999449,
      142250,
      0.2564885496183206,
      12.199404761904763,
      0.0,
      9.0,
      13.0,
      15.0,
      26.0
    ],
    "spiral_reward_strategy_simple": [
      1.4253477020010905,
      192095,
      0.030006978367062107,
      6.4186046511627906,
      0.0,
      3.0,
      5.0,
      10.0,
      16.0
    ],
    "map4_reward_strategy_distance_based": [
      0.8290603780005767,
      105964,
      0.3151515151515151,
      12.64010989010989,
      0.0,
      8.0,
      12.0,
      17.0,
      29.0
    ],
    "hi_reward_strategy_distance_based": [
      0.9438881530004437,
      123192,
      0.333587786259542,
      16.82837528604119,
      0.0,
      10.0,
      16.0,
      23.0,
      43.0
    ],
    "spiral_reward_strategy_distance_based": [
      1.4832072959998186,
      196202,
      0.013956734124214934,
      2.9,
      0.0,
      1.0,
      2.5,
      4.25,
      8.0
    ],
    "map4_reward_strategy_distance_based_scaled": [
      0.8492647660004877,
      109281,
      0.35324675324675325,
      13.639705882352942,
      0.0,
      8.0,
      14.0,
      19.0,
      31.0
    ],
    "hi_reward_strategy_distance_based_scaled": [
      0.9532301219987858,
      121912,
      0.24580152671755726,
      13.083850931677018,
      0.0,
      8.0,
      13.0,
      18.0,
      31.0
    ],
    "spiral_reward_strategy_distance_based_scaled": [
      1.5887743750008667,
      195364,
      0.020237264480111653,
      5.448275862068965,
      0.0,
      2.0,
      5.0,
      9.0,
      14.0
    ],
    "map4_reward_strategy_visited": [
      1.1069920990012179,
      75690,
      0.9774891774891775,
      54.09123117803366,
      0.0,
      26.0,
      48.0,
      88.0,
      113.0
    ],
    "hi_reward_strategy_visited": [
      0.7162308879996999,
      85288,
      0.9793893129770992,
      68.19017926734217,
      0.0,
      29.0,
      45.0,
      112.0,
      166.0
    ],
    "spiral_reward_strategy_visited": [
      1.600560991000748,
      192209,
      0.05512909979064899,
      15.367088607594937,
      0.0,
      5.5,
      11.0,
      25.5,
      38.0
    ],
    "map4_reward_strategy_harsh_visited": [
      1.3291152289984893,
      190601,
      0.050216450216450215,
      5.862068965517241,
      0.0,
      2.25,
      6.0,
      9.0,
      13.0
    ],
    "hi_reward_strategy_harsh_visited": [
      1.138225897000666,
      157883,
      0.24198473282442748,
      22.529968454258675,
      0.0,
      16.0,
      22.0,
      29.0,
      55.0
    ],
    "spiral_reward_strategy_harsh_visited": [
      1.5338177970006655,
      197413,
      0.006978367062107467,
      1.2,
      0.0,
      0.25,
      1.0,
      2.0,
      3.0
    ]
  },
  "q_strat_dict": {
    "map4_reward_strategy_simple": [
      1.5922100320003665,
      128310,
      0.4069264069264069,
      14.668085106382978,
      0.0,
      9.0,
      15.0,
      20.0,
      32.0
    ],
    "hi_reward_strategy_simple": [
      1.4932773970012931,
      120607,
      0.4633587786259542,
      16.5831960461285,
      0.0,
      12.0,
      17.0,
      21.0,
      32.0
    ],
    "spiral_reward_strategy_simple": [
      3.4019133860001602,
      189743,
      0.03558967201674808,
      8.254901960784315,
      0.0,
      3.0,
      6.0,
      13.0,
      21.0
    ],
    "map4_reward_strategy_distance_based": [
      1.3406171280003036,
      105446,
      0.45541125541125543,
      16.14448669201521,
      0.0,
      10.25,
      16.0,
      22.0,
      35.0
    ],